{
    "countries": [
        {
            "name": "España",
            "population": 47351567,
            "area": 505990,
            "capital": "Madrid",
            "flag": "https://upload.wikimedia.org/wikipedia/commons/thumb/8/89/Bandera_de_Espa%C3%B1a.svg/1200px-Bandera_de_Espa%C3%B1a.svg.png"
        },
        {
            "name": "Francia",
            "population": 67081000,
            "area": 551695,
            "capital": "París",
            "flag": "https://upload.wikimedia.org/wikipedia/commons/thumb/c/c3/Flag_of_France.svg/255px-Flag_of_France.svg.png"
        },
        {
            "name": "Alemania",
            "population": 83166711,
            "area": 357022,
            "capital": "Berlín",
            "flag": "https://upload.wikimedia.org/wikipedia/commons/thumb/b/ba/Flag_of_Germany.svg/220px-Flag_of_Germany.svg.png"
        },
        {
            "name": "Italia",
            "population": 59554023,
            "area": 301340,
            "capital": "Roma",
            "flag": "https://upload.wikimedia.org/wikipedia/commons/thumb/0/03/Flag_of_Italy.svg/255px-Flag_of_Italy.svg.png"
        },
        {
            "name": "Polonia",
            "population": "41026068",
            "area": "312696",
            "capital": "Varsovia",
            "flag": "https://upload.wikimedia.org/wikipedia/commons/thumb/1/12/Flag_of_Poland.svg/800px-Flag_of_Poland.svg.png"
        },
        {
            "name": "Países Bajos",
            "population": "17302116",
            "area": "41543",
            "capital": "Ámsterdam",
            "flag": "https://upload.wikimedia.org/wikipedia/commons/thumb/2/20/Flag_of_the_Netherlands.svg/1200px-Flag_of_the_Netherlands.svg.png"
        },
        {
            "name": "Bulgaria",
            "population": "6447710",
            "area": "110879",
            "capital": "Sofía",
            "flag": "https://upload.wikimedia.org/wikipedia/commons/thumb/9/9a/Flag_of_Bulgaria.svg/203px-Flag_of_Bulgaria.svg.png"
        }
    ]
}